,artistsName,artistsPath,artistsId,word,indexId
0,가인,GAIN,1574,ㄱ,2
1,가치,KAACHI,2029,ㄱ,2
2,갓세븐,GOT7,521,ㄱ,2
3,강다니엘,KANGDANIEL,543,ㄱ,2
4,강민경,KANGMINKYUNG,1102,ㄱ,2
5,강승윤,KANGSEUNGYOON,812,ㄱ,2
6,개리,Gary,1170,ㄱ,2
7,거미,GUMMY,1146,ㄱ,2
8,걸스데이,GIRLSDAY,309,ㄱ,2
9,걸카인드,GIRLKIND,1602,ㄱ,2
10,검정치마,TheBlackSkirts,1165,ㄱ,2
11,경리,GYEONGREE,1819,ㄱ,2
12,고스트나인,GHOST9,1632,ㄱ,2
13,골든,Golden,120,ㄱ,2
14,골든차일드,GoldenChild,301,ㄱ,2
15,공민지,Minzy,1336,ㄱ,2
16,공원소녀,GWSN,392,ㄱ,2
17,곽진언,KWAKJINEON,22,ㄱ,2
18,구구단,gugudan,317,ㄱ,2
19,국카스텐,Guckkasten,1686,ㄱ,2
20,굿데이,GOODDAY,342,ㄱ,2
21,권진아,KwonJinAh,21,ㄱ,2
22,권현빈,VIINI,1559,ㄱ,2
23,규현,KYUHYUN,769,ㄱ,2
24,그레이,GRAY,1514,ㄱ,2
25,그루비룸,GroovyRoom,1431,ㄱ,2
26,기리보이,GIRIBOY,1116,ㄱ,2
27,김나영,KimNaYoung,20,ㄱ,2
28,김남주,KimNamJoo,715,ㄱ,2
29,김동률,KIMDONGRYUL,25,ㄱ,2
30,김동완,KIMDONGWAN,988,ㄱ,2
31,김동준,KIMDONGJUN,1524,ㄱ,2
32,김동한,KIMDONGHAN,542,ㄱ,2
33,김민석,KimMinSeok,390,ㄱ,2
34,김범수,KIMBUMSOO,1198,ㄱ,2
35,김성규,KIMSUNGKYU,732,ㄱ,2
36,김세정,KIMSEJEONG,861,ㄱ,2
37,김영철,KimYoungChul,1551,ㄱ,2
38,김요한,KIMYOHAN,1417,ㄱ,2
39,김용국,JINLONGUO,1560,ㄱ,2
40,김우석,KIMWOOSEOK,1745,ㄱ,2
41,김우진,KIMWOOJIN,1019,ㄱ,2
42,김윤아,KimYuna,1829,ㄱ,2
43,김재중,KimJaeJoong,1746,ㄱ,2
44,김재환,KIMJAEHWAN,541,ㄱ,2
45,김지수,KimJiSoo,1776,ㄱ,2
46,김진우,JINU,809,ㄱ,2
47,김진호,JinHoKim,1182,ㄱ,2
48,김태우,KimTaeWoo,1017,ㄱ,2
49,김필,KimFeel,1590,ㄱ,2
50,김하온,HAON,1174,ㄱ,2
51,김현중,KIMHYUNJOONG,1554,ㄱ,2
52,김호중,KIMHOJOONG,1963,ㄱ,2
53,김희재,KimHeeJae,1886,ㄱ,2
54,김희철,KIMHEECHUL,762,ㄱ,2
55,이은상,leeeunsang,1422,ㄱ,2
56,나다,NADA,1943,ㄴ,3
57,나띠,NATTY,1887,ㄴ,3
58,나르샤,Narsha,1573,ㄴ,3
59,나얼,Naul,1148,ㄴ,3
60,나플라,nafla,1209,ㄴ,3
61,남우현,NAMWOOHYUN,734,ㄴ,3
62,남태현,NamTaehyun,1628,ㄴ,3
63,넉살,Nucksal,1666,ㄴ,3
64,네이처,NATURE,563,ㄴ,3
65,넬,NELL,295,ㄴ,3
66,노을,NOEL,1207,ㄴ,3
67,뉴이스트,NUEST,284,ㄴ,3
68,뉴키드,NewKidd,1553,ㄴ,3
69,느와르,NOIR,1614,ㄴ,3
70,니엘,NIEL,772,ㄴ,3
71,닉쿤,NICHKHUN,756,ㄴ,3
72,다비치,DAVICHI,323,ㄷ,4
73,다이나믹 듀오,Dynamicduo,1124,ㄷ,4
74,다이아,DIA,325,ㄷ,4
75,다크비,DKB,1807,ㄷ,4
76,달샤벳,Dalshabet,334,ㄷ,4
77,달수빈,DALSOOOBIN,950,ㄷ,4
78,더 로즈,TheRose,1457,ㄷ,4
79,더 콰이엇,TheQuiett,1175,ㄷ,4
80,더보이즈,THEBOYZ,371,ㄷ,4
81,던,DAWN,1691,ㄷ,4
82,데이브레이크,DAYBREAK,1706,ㄷ,4
83,데이식스,DAY6,87,ㄷ,4
84,도끼,Dok2,1130,ㄷ,4
85,동방신기,TVXQ,275,ㄷ,4
86,동키즈,DONGKIZ,1612,ㄷ,4
87,드리핀,DRIPPIN,2011,ㄷ,4
88,드림노트,DreamNote,553,ㄷ,4
89,드림캐쳐,Dreamcatcher,335,ㄷ,4
90,디에잇,the8,634,ㄷ,4
91,디오,DO,398,ㄷ,4
92,디원스,D1CE,1489,ㄷ,4
93,디크런치,D-CRUNCH,1615,ㄷ,4
94,디피알 라이브,DPRLIVE,1154,ㄷ,4
95,디피알 이안,DPRIAN,2024,ㄷ,4
96,딘,DEAN,1089,ㄷ,4
97,딘딘,DinDin,1689,ㄷ,4
98,딥플로우,Deepflow,144,ㄷ,4
99,라붐,LABOUM,328,ㄹ,5
100,라비,RAVI,976,ㄹ,5
101,라이관린,LAIKUANLIN,626,ㄹ,5
102,라잇썸,LIGHTSUM,2124,ㄹ,5
103,러블리즈,Lovelyz,312,ㄹ,5
104,레드벨벳,RedVelvet,316,ㄹ,5
105,레드스퀘어,REDSQUARE,1902,ㄹ,5
106,레디,Reddy,1405,ㄹ,5
107,레오,LEO,974,ㄹ,5
108,레이,LAY,403,ㄹ,5
109,레이나,Raina,1528,ㄹ,5
110,레이디스 코드,LADIESCODE,333,ㄹ,5
111,려욱,RYEOWOOK,768,ㄹ,5
112,로꼬,Loco,1094,ㄹ,5
113,로시,Rothy,1657,ㄹ,5
114,로이킴,RoyKim,1126,ㄹ,5
115,로제,ROSE,684,ㄹ,5
116,로켓펀치,RocketPunch,1426,ㄹ,5
117,루나,LUNA,1470,ㄹ,5
118,루나솔라,LUNARSOLAR,2006,ㄹ,5
119,루시,LUCY,2037,ㄹ,5
120,루시드폴,LucidFall,1731,ㄹ,5
121,류수정,RYUSUJEONG,837,ㄹ,5
122,리쌍,Leessang,1172,ㄹ,5
123,린,LYn,1176,ㄹ,5
124,릴러말즈,Leellamarz,1793,ㄹ,5
125,마마무,MAMAMOO,307,ㅁ,6
126,마이네임,MYNAME,300,ㅁ,6
127,마이틴,MYTEEN,1445,ㅁ,6
128,마크,Mark,515,ㅁ,6
129,마크툽,MAKTUB,1737,ㅁ,6
130,매드클라운,MadClown,1136,ㅁ,6
131,먼데이 키즈,MondayKiz,29,ㅁ,6
132,멋진녀석들,GreatGuys,1664,ㅁ,6
133,멜로망스,Melomance,1134,ㅁ,6
134,모모랜드,MOMOLAND,332,ㅁ,6
135,몬스타엑스,MONSTAX,363,ㅁ,6
136,문별,MOONBYUL,822,ㅁ,6
137,문종업,MoonJongUp,1888,ㅁ,6
138,미래소년,MIRAE,2095,ㅁ,6
139,미료,MIRYO,1572,ㅁ,6
140,미쓰에이,MISSA,320,ㅁ,6
141,미유,Miyu,1674,ㅁ,6
142,민경훈,MinKyunghun,1141,ㅁ,6
143,민서,MINSEO,654,ㅁ,6
144,민현,MINHYUN,753,ㅁ,6
145,바다,BADA,1673,ㅂ,7
146,바비,BOBBY,981,ㅂ,7
147,바이브,Vibe,1190,ㅂ,7
148,박경,KyungPark,747,ㅂ,7
149,박보람,ParkBoRam,1461,ㅂ,7
150,박봄,ParkBom,1318,ㅂ,7
151,박새별,ParkSaebyul,1816,ㅂ,7
152,박원,PARKWON,1173,ㅂ,7
153,박재범,JayPark,1117,ㅂ,7
154,박재정,JaeJungParc,1720,ㅂ,7
155,박정현,LenaPark,1211,ㅂ,7
156,박지민,JiminPark,1549,ㅂ,7
157,박지윤,parkjiyoon,236,ㅂ,7
158,박지훈,PARKJIHOON,512,ㅂ,7
159,박진영,J.Y.Park,1529,ㅂ,7
160,박효신,ParkHyoShin,1080,ㅂ,7
161,방용국,BANGYONGGUK,1482,ㅂ,7
162,방탄소년단,BTS,273,ㅂ,7
163,백아연,BaekAYeon,1588,ㅂ,7
164,백예린,YERINBAEK,1121,ㅂ,7
165,백지영,BaekZYoung,1654,ㅂ,7
166,백퍼센트,100percent,299,ㅂ,7
167,백현,BAEKHYUN,399,ㅂ,7
168,밴디트,BVNDIT,1479,ㅂ,7
169,뱀뱀,BamBam,518,ㅂ,7
170,버벌진트,VerbalJint,1792,ㅂ,7
171,버스터즈,Busters,569,ㅂ,7
172,버즈,Buzz,1144,ㅂ,7
173,범주,BUMZU,1622,ㅂ,7
174,범키,BUMKEY,1218,ㅂ,7
175,베리굿,BerryGood,337,ㅂ,7
176,베리베리,VERIVERY,1281,ㅂ,7
177,베이빌론,Babylon,51,ㅂ,7
178,벤,Ben,1131,ㅂ,7
179,별,BYUL,1747,ㅂ,7
180,보너스베이비,Bonusbaby,344,ㅂ,7
181,보아,BoA,1452,ㅂ,7
182,보이프렌드,BOYFRIEND,297,ㅂ,7
183,볼빨간사춘기,BOL4,1083,ㅂ,7
184,뷔,V,409,ㅂ,7
185,브라더수,BrotherSu,16,ㅂ,7
186,브라운 아이드 소울,BrownEyedSoul,1169,ㅂ,7
187,브라운아이드걸스,BrownEyedGirls,1569,ㅂ,7
188,브레이브걸스,BraveGirls,1994,ㅂ,7
189,브린,Bryn,1716,ㅂ,7
190,브이에이브이,VAV,1327,ㅂ,7
191,블락비,BlockB,283,ㅂ,7
192,블랙식스,BLACK6IX,1671,ㅂ,7
193,블랙핑크,BLACKPINK,326,ㅂ,7
194,블루,BLOO,1500,ㅂ,7
195,블리처스,BLITZERS,2170,ㅂ,7
196,블링블링,Blingbling,2050,ㅂ,7
197,비,Rain,1505,ㅂ,7
198,비디씨,BDC,1684,ㅂ,7
199,비비,BIBI,1966,ㅂ,7
200,비스트,BEAST,276,ㅂ,7
201,비아이,B.I,982,ㅂ,7
202,비에이이173,BAE173,2028,ㅂ,7
203,비에이피,B.A.P,372,ㅂ,7
204,비오브유,B.O.Y,1698,ㅂ,7
205,비와이,BewhY,1127,ㅂ,7
206,비원에이포,B1A4,282,ㅂ,7
207,비투비,BTOB,31,ㅂ,7
208,빅뱅,BIGBANG,277,ㅂ,7
209,빅스,VIXX,367,ㅂ,7
210,빅스타,BIGSTAR,304,ㅂ,7
211,빅원,BIGONE,1667,ㅂ,7
212,빅톤,VICTON,383,ㅂ,7
213,빈지노,Beenzino,1093,ㅂ,7
214,빈첸,VINXEN,1150,ㅂ,7
215,사무엘,Samuel,374,ㅅ,8
216,사이먼 도미닉,SimonDominic,1515,ㅅ,8
217,산다라박,SandaraPark,1335,ㅅ,8
218,산들,Sandeul,740,ㅅ,8
219,산이,SanE,200,ㅅ,8
220,새소년,SESONEON,64,ㅅ,8
221,샘김,SAMKIM,1212,ㅅ,8
222,샤이니,SHINee,288,ㅅ,8
223,서동현,BIGNaughty,1732,ㅅ,8
224,서리,Seori,2161,ㅅ,8
225,서은광,SEOEUNKWANG,717,ㅅ,8
226,서현,SEOHYUN,820,ㅅ,8
227,선미,SUNMI,1184,ㅅ,8
228,선우정아,SunwooJungA,206,ㅅ,8
229,설리,SULLI,1358,ㅅ,8
230,성시경,SUNGSIKYUNG,1103,ㅅ,8
231,세러데이,SATURDAY,1633,ㅅ,8
232,세븐어클락,SevenO'Clock,1697,ㅅ,8
233,세븐틴,SEVENTEEN,640,ㅅ,8
234,세훈&찬열,EXO-SC,1427,ㅅ,8
235,소나무,SONAMOO,331,ㅅ,8
236,소녀시대,SNSD,305,ㅅ,8
237,소유,SOYOU,15,ㅅ,8
238,소정,Sojung,943,ㅅ,8
239,손동운,SONDONGWOON,1067,ㅅ,8
240,손호영,SHY,1016,ㅅ,8
241,솔라,SOLAR,821,ㅅ,8
242,솔비,Solbi,1699,ㅅ,8
243,솔지,SOLJI,852,ㅅ,8
244,송가인,SongGain,1688,ㅅ,8
245,송민호,MINO,811,ㅅ,8
246,송유빈,SONGYUVIN,1443,ㅅ,8
247,송지은,SongJiEun,1795,ㅅ,8
248,숀,SHAUN,1563,ㅅ,8
249,수란,SURAN,1187,ㅅ,8
250,수지,SUZY,1340,ㅅ,8
251,수퍼비,SUPERBEE,1208,ㅅ,8
252,수호,SUHO,395,ㅅ,8
253,술제이,SoolJ,1621,ㅅ,8
254,슈퍼엠,SuperM,1550,ㅅ,8
255,슈퍼주니어,SUPERJUNIOR,286,ㅅ,8
256,스누퍼,SNUPER,382,ㅅ,8
257,스웨덴세탁소,swedenlaundry,1179,ㅅ,8
258,스윙스,Swings,1396,ㅅ,8
259,스탠딩 에그,StandingEgg,1271,ㅅ,8
260,스테이씨,STAYC,2031,ㅅ,8
261,스텔라장,StellaJang,71,ㅅ,8
262,스트레이 키즈,StrayKids,377,ㅅ,8
263,스펙트럼,SPECTRUM,1613,ㅅ,8
264,슬리피,SLEEPY,1715,ㅅ,8
265,슬옹,SEULONG,1820,ㅅ,8
266,시그니처,cignature,1815,ㅅ,8
267,시크릿,SECRET,319,ㅅ,8
268,시크릿넘버,SECRETNUMBER,1901,ㅅ,8
269,식케이,Sik-K,1191,ㅅ,8
270,신용재,ShinYongJae,1152,ㅅ,8
271,신원호,ShinWonHo,1831,ㅅ,8
272,신혜성,SHINHYESUNG,989,ㅅ,8
273,신화,Shinhwa,370,ㅅ,8
274,십센치,10cm,389,ㅅ,8
275,싸이,PSY,1186,ㅅ,8
276,싸이퍼,Ciipher,2110,ㅅ,8
277,써니힐,SunnyHill,1670,ㅅ,8
278,써드아이,3YE,1945,ㅅ,8
279,쎄이,SAAY,472,ㅅ,8
280,씨스타,SISTAR,1503,ㅅ,8
281,씨아이엑스,CIX,1317,ㅅ,8
282,씨엔블루,CNBLUE,292,ㅅ,8
283,씨엘,CL,1334,ㅅ,8
284,씨엘씨,CLC,329,ㅅ,8
285,씨잼,CJAMM,1655,ㅅ,8
286,(여자)아이들,(G)I-DLE,361,ㅇ,9
287,아도이,ADOY,68,ㅇ,9
288,아뽀키,APOKI,2173,ㅇ,9
289,아스트로,ASTRO,289,ㅇ,9
290,아이엠,I.M,685,ㅇ,9
291,아이원,IONE,1618,ㅇ,9
292,아이유,IU,385,ㅇ,9
293,아이즈,IZ,1451,ㅇ,9
294,아이즈원,IZ*ONE,394,ㅇ,9
295,아이콘,iKON,368,ㅇ,9
296,악뮤,AKMU,1088,ㅇ,9
297,안예은,YeeunAhn,476,ㅇ,9
298,알렉사,AleXa,1971,ㅇ,9
299,알엠,RM,404,ㅇ,9
300,애쉬 아일랜드,ASHISLAND,1700,ㅇ,9
301,앤디,ANDY,991,ㅇ,9
302,양다일,YangDaIl,483,ㅇ,9
303,양요섭,YANGYOSEOP,30,ㅇ,9
304,양지은,YangJieun,2137,ㅇ,9
305,양홍원,YoungB,1395,ㅇ,9
306,어거스트 디,AgustD,1626,ㅇ,9
307,어글리 덕,UglyDuck,1527,ㅇ,9
308,어반 자카파,UrbanZakapa,1115,ㅇ,9
309,어위크,AWEEK,1933,ㅇ,9
310,언에듀케이티드 키드,UNEDUCATEDKID,1830,ㅇ,9
311,업텐션,UP10TION,366,ㅇ,9
312,에디킴,EddyKim,1435,ㅇ,9
313,에릭남,EricNam,13,ㅇ,9
314,에버글로우,EVERGLOW,680,ㅇ,9
315,에스아이에스,S.I.S,341,ㅇ,9
316,에스에프나인,SF9,375,ㅇ,9
317,에스지 워너비,SGWANNABE,1183,ㅇ,9
318,에스파,aespa,2023,ㅇ,9
319,에이비식스,AB6IX,1269,ㅇ,9
320,에이스,A.C.E,384,ㅇ,9
321,에이오에이,AOA,313,ㅇ,9
322,에이티즈,ATEEZ,393,ㅇ,9
323,에이프릴,APRIL,322,ㅇ,9
324,에이핑크,Apink,306,ㅇ,9
325,에일리,Ailee,12,ㅇ,9
326,에프엑스,fx,1471,ㅇ,9
327,에프티아일랜드,FTISLAND,290,ㅇ,9
328,에피소드,EPISODE,1821,ㅇ,9
329,에피톤 프로젝트,EpitoneProject,1185,ㅇ,9
330,에픽하이,EPIKHIGH,1107,ㅇ,9
331,엑소,EXO,272,ㅇ,9
332,엑소-첸백시,EXO-CBX,1199,ㅇ,9
333,엑스원,X1,1425,ㅇ,9
334,엔시티,NCT,540,ㅇ,9
335,엔시티 127,NCT127,1328,ㅇ,9
336,엔시티 드림,NCTDREAM,1078,ㅇ,9
337,엔시티 유,NCTU,1329,ㅇ,9
338,엔플라잉,N.flying,11,ㅇ,9
339,엔하이픈,ENHYPEN,2016,ㅇ,9
340,엘,L,736,ㅇ,9
341,엘라스트,ELAST,1931,ㅇ,9
342,엘로,ELO,1692,ㅇ,9
343,엘리스,ELRIS,340,ㅇ,9
344,엘키,ELKIE,924,ㅇ,9
345,엠버,AMBER,1469,ㅇ,9
346,엠블랙,MBLAQ,291,ㅇ,9
347,엠씨더맥스,M.CTheMax,1111,ㅇ,9
348,엠씨엔디,MCND,1728,ㅇ,9
349,엠엑스엠,MXM,296,ㅇ,9
350,여자친구,GFRIEND,308,ㅇ,9
351,염따,YUMDDA,1659,ㅇ,9
352,영재,YOUNGJAE,1672,ㅇ,9
353,영탁,YoungTak,1883,ㅇ,9
354,예성,YESUNG,763,ㅇ,9
355,오마이걸,OhMyGirl,314,ㅇ,9
356,오메가엑스,OMEGAX,2181,ㅇ,9
357,오션검,OsshunGum,1397,ㅇ,9
358,오왠,O.WHEN,106,ㅇ,9
359,오왼 오바도즈,OwenOvadoz,1219,ㅇ,9
360,오프온오프,offonoff,1216,ㅇ,9
361,오하영,OHHAYOUNG,716,ㅇ,9
362,오혁,OHHYUK,1096,ㅇ,9
363,옥상달빛,OKDAL,258,ㅇ,9
364,옥주현,OakJooHyun,1823,ㅇ,9
365,온리원오브,OnlyOneOf,1675,ㅇ,9
366,온앤오프,ONF,619,ㅇ,9
367,온유,ONEW,775,ㅇ,9
368,올티,Olltii,1620,ㅇ,9
369,옹성우,ONGSEONGWU,580,ㅇ,9
370,우기,YUQI,961,ㅇ,9
371,우디고차일드,woodiegochild,1565,ㅇ,9
372,우아!,woo!ah!,1891,ㅇ,9
373,우원재,Woo,1161,ㅇ,9
374,우주소녀,WJSN,318,ㅇ,9
375,우진영,WOOJINYOUNG,1488,ㅇ,9
376,우탄,Wutan,1825,ㅇ,9
377,우효,OOHYO,1164,ㅇ,9
378,워너원,WannaOne,10,ㅇ,9
379,원,ONE,1696,ㅇ,9
380,원더걸스,WonderGirls,1506,ㅇ,9
381,원더나인,1THE9,1077,ㅇ,9
382,원어스,ONEUS,600,ㅇ,9
383,원위,ONEWE,606,ㅇ,9
384,원팀,1TEAM,1372,ㅇ,9
385,원호,WONHO,687,ㅇ,9
386,웨이션브이,WayV,1936,ㅇ,9
387,웬디,WENDY,438,ㅇ,9
388,위너,WINNER,303,ㅇ,9
389,위아이,WEi,1969,ㅇ,9
390,위인더존,WEINTHEZONE,1685,ㅇ,9
391,위클리,Weeekly,1934,ㅇ,9
392,위키미키,WekiMeki,327,ㅇ,9
393,유겸,Yugyeom,519,ㅇ,9
394,유노윤호,U-Know,726,ㅇ,9
395,유리,YURI,817,ㅇ,9
396,유빈,Yubin,1603,ㅇ,9
397,유아,YOOA,847,ㅇ,9
398,유엔브이에스,UNVS,1840,ㅇ,9
399,유키스,U-KISS,302,ㅇ,9
400,육성재,YookSungJae,362,ㅇ,9
401,윤두준,YoonDuJun,1065,ㅇ,9
402,윤딴딴,YunDDanDDan,9,ㅇ,9
403,윤미래,YOONMIRAE,1149,ㅇ,9
404,윤아,YOONA,819,ㅇ,9
405,윤종신,YoonJongShin,1125,ㅇ,9
406,윤지성,YOONJISUNG,544,ㅇ,9
407,윤하,YOUNHA,1359,ㅇ,9
408,윤훼이,YUNHWAY,1826,ㅇ,9
409,은정,EUN-JUNG,879,ㅇ,9
410,이기광,LEEGIKWANG,1066,ㅇ,9
411,이달의 소녀,LOONA,387,ㅇ,9
412,이랑,LangLee,107,ㅇ,9
413,이로한,Rohann,1824,ㅇ,9
414,이무진,LeeMujin,2138,ㅇ,9
415,이민혁,HUTA,718,ㅇ,9
416,이석훈,LEESEOKHOON,1180,ㅇ,9
417,이센스,ESENS,1366,ㅇ,9
418,이소라,LeeSoRa,1658,ㅇ,9
419,이수영,LeeSooYoung,1841,ㅇ,9
420,이수현,LEESUHYUN,1087,ㅇ,9
421,이승기,LeeSeungGi,1777,ㅇ,9
422,이승협,J.DON,708,ㅇ,9
423,이엑스아이디,EXID,315,ㅇ,9
424,이엔오아이,ENOi,1735,ㅇ,9
425,이용신,LeeYongshin,1740,ㅇ,9
426,이이경,Leeyikyung,1839,ㅇ,9
427,이적,LeeJuck,1797,ㅇ,9
428,이지혜,LeeJiHye,1794,ㅇ,9
429,이진아,LeeJinAh,54,ㅇ,9
430,이진혁,LEEJINHYUK,966,ㅇ,9
431,이찬원,LeeChanWon,1875,ㅇ,9
432,이창민,LeeChang-Min,1374,ㅇ,9
433,이창섭,LeeChang-Sub,721,ㅇ,9
434,이펙스,EPEX,2122,ㅇ,9
435,이하이,LEEHI,1163,ㅇ,9
436,이해리,LEEHAERI,1101,ㅇ,9
437,이효리,LeeHyori,1760,ㅇ,9
438,인투잇,IN2IT,1508,ㅇ,9
439,인피니트,INFINITE,278,ㅇ,9
440,임시완,SiwanYim,2094,ㅇ,9
441,임영웅,LIMYOUNGWOONG,1874,ㅇ,9
442,임정희,LimJeongHee,1822,ㅇ,9
443,임지민,LIMJIMIN,1312,ㅇ,9
444,임창정,ChangJungIm,1119,ㅇ,9
445,임팩트,IMFACT,1739,ㅇ,9
446,임현식,LIMHYUNSIK,719,ㅇ,9
447,있지,ITZY,625,ㅇ,9
448,자이언티,Zion.T,1090,ㅈ,10
449,잔나비,Jannabi,1160,ㅈ,10
450,장동우,JANGDONGWOO,733,ㅈ,10
451,장민호,JANGMINHO,1885,ㅈ,10
452,장범준,BeomJuneJang,1135,ㅈ,10
453,장우영,WOOYOUNG,758,ㅈ,10
454,장우혁,JANGWOOHYUK,1600,ㅈ,10
455,장재인,JangJane,1413,ㅈ,10
456,재키와이,JvckiWai,38,ㅈ,10
457,잭슨,JACKSON,516,ㅈ,10
458,저스디스,JUSTHIS,1393,ㅈ,10
459,저스트비,JUSTB,2186,ㅈ,10
460,적재,Jukjae,164,ㅈ,10
461,전소미,SOMI,1332,ㅈ,10
462,전소연,JEONSOYEON,960,ㅈ,10
463,전진,JUNJIN,990,ㅈ,10
464,전효성,JunHyoSeong,1703,ㅈ,10
465,정기고,junggigo,238,ㅈ,10
466,정대현,JUNGDAEHYUN,1665,ㅈ,10
467,정동원,JeongDongWon,1942,ㅈ,10
468,정동하,JungDongHa,1630,ㅈ,10
469,정세운,JEONGSEWOON,373,ㅈ,10
470,정승환,JungSeunghwan,1120,ㅈ,10
471,정용화,JUNGYONGHWA,1480,ㅈ,10
472,정은지,JeongEunJi,17,ㅈ,10
473,정인,jungin,1465,ㅈ,10
474,정일훈,JungIL-Hoon,722,ㅈ,10
475,정재형,JungJaeHyung,1817,ㅈ,10
476,정준일,JungJunil,1137,ㅈ,10
477,정진운,JeongJinwoon,1818,ㅈ,10
478,정키,JungKey,1192,ㅈ,10
479,제국의아이들,ZE:A,293,ㅈ,10
480,제니,JENNIE,682,ㅈ,10
481,제시,Jessi,1634,ㅈ,10
482,제시카,Jessica,1635,ㅈ,10
483,제아,JeA,1571,ㅈ,10
484,제이레빗,JRabbit,1591,ㅈ,10
485,제이비,JAYB,514,ㅈ,10
486,제이비제이,JBJ,364,ㅈ,10
487,제이비제이95,JBJ95,672,ㅈ,10
488,제이홉,j-hope,407,ㅈ,10
489,젝스키스,SechsKies,365,ㅈ,10
490,조권,JoKwon,1544,ㅈ,10
491,조승연,WOODZ,1346,ㅈ,10
492,조이,JOY,441,ㅈ,10
493,조정석,CHOJUNGSEOK,1884,ㅈ,10
494,조정치,JUNGCHICHO,268,ㅈ,10
495,존박,JohnPark,1662,ㅈ,10
496,종현,JONGHYUN,776,ㅈ,10
497,죠지,george,33,ㅈ,10
498,주니엘,JUNIEL,1857,ㅈ,10
499,주영,jooyoung,1384,ㅈ,10
500,준수,XIA,1714,ㅈ,10
501,준케이,JUN.K,755,ㅈ,10
502,준호,JUNHO,759,ㅈ,10
503,지드래곤,G-DRAGON,730,ㅈ,10
504,지민 (AOA),JIMIN,839,ㅈ,10
505,지아,Zia,1594,ㅈ,10
506,지연,JIYEON,881,ㅈ,10
507,지오디,god,376,ㅈ,10
508,지진석,JIJINSEOK,1681,ㅈ,10
509,지코,ZICO,1085,ㅈ,10
510,지투,G2,1406,ㅈ,10
511,진보,JINBO,210,ㅈ,10
512,찬열,CHANYEOL,396,ㅊ,11
513,창모,CHANGMO,1147,ㅊ,11
514,챈슬러,Chancellor,1827,ㅊ,11
515,청하,CHUNGHA,7,ㅊ,11
516,체리블렛,CherryBullet,593,ㅊ,11
517,첸,CHEN,402,ㅊ,11
518,최강창민,MAX,727,ㅊ,11
519,치즈,CHEEZE,1129,ㅊ,11
520,치타,CHEETAH,1319,ㅊ,11
521,카더가든,Carthegarden,1,ㅋ,12
522,카드,KARD,1582,ㅋ,12
523,카라,KARA,1507,ㅋ,12
524,카이,kai,397,ㅋ,12
525,칸토,KANTO,1438,ㅋ,12
526,케이시,Kassy,570,ㅋ,12
527,케이윌,K.will,1118,ㅋ,12
528,켄,KEN,975,ㅋ,12
529,코드 쿤스트,CODEKUNST,76,ㅋ,12
530,콜드,Colde,1215,ㅋ,12
531,쿠기,Coogie,1640,ㅋ,12
532,퀸 와사비,QueenWASABII,2012,ㅋ,12
533,크나큰,KNK,1381,ㅋ,12
534,크래비티,CRAVITY,1844,ㅋ,12
535,크랙시,CRAXY,1832,ㅋ,12
536,크러쉬,Crush,1084,ㅋ,12
537,크레용팝,CrayonPop,330,ㅋ,12
538,크루셜스타,CrucialStar,1213,ㅋ,12
539,크리스탈,KRYSTAL,1467,ㅋ,12
540,키,Key,777,ㅋ,12
541,키드밀리,KidMilli,1162,ㅋ,12
542,키썸,Kisum,26,ㅋ,12
543,킹덤,KINGDOM,2195,ㅋ,12
544,타겟,TARGET,1570,ㅌ,13
545,타블로,tablo,1104,ㅌ,13
546,탑,T.O.P,728,ㅌ,13
547,태민,TAEMIN,779,ㅌ,13
548,태양,TAEYANG,729,ㅌ,13
549,태연,TAEYEON,813,ㅌ,13
550,태완,Taewan,1828,ㅌ,13
551,태용,TAEYONG,524,ㅌ,13
552,태일,TAEIL,743,ㅌ,13
553,택연,Taecyeon,757,ㅌ,13
554,텐,TEN,528,ㅌ,13
555,투모로우바이투게더,TXT,653,ㅌ,13
556,투애니원,2NE1,1337,ㅌ,13
557,투에이엠,2AM,294,ㅌ,13
558,투피엠,2PM,285,ㅌ,13
559,트라이비,TRI.BE,2146,ㅌ,13
560,트레이,,1610,ㅌ,13
561,트레저,TREASURE,1744,ㅌ,13
562,트와이스,TWICE,5,ㅌ,13
563,티아라,T-ARA,321,ㅌ,13
564,티알씨엔지,TRCNG,1502,ㅌ,13
565,티오원,TO1,1849,ㅌ,13
566,티일사일구,T1419,2032,ㅌ,13
567,티파니 영,TiffanyYoung,815,ㅌ,13
568,틴탑,TEENTOP,287,ㅌ,13
569,파나틱스,FANATICS,1496,ㅍ,14
570,팔로알토,Paloalto,191,ㅍ,14
571,퍼플키스,PURPLEKISS,1973,ㅍ,14
572,펀치,Punch,1214,ㅍ,14
573,펀치넬로,Punchnello,1694,ㅍ,14
574,페노메코,PENOMECO,1619,ㅍ,14
575,페이버릿,FAVORITE,347,ㅍ,14
576,펜타곤,PENTAGON,379,ㅍ,14
577,포맨,4men,1153,ㅍ,14
578,포미닛,4minute,1342,ㅍ,14
579,폴킴,PaulKim,4,ㅍ,14
580,프니엘,Peniel,720,ㅍ,14
581,프라이머리,Primary,1132,ㅍ,14
582,프로미스나인,fromis_9,386,ㅍ,14
583,프리스틴,PRISTIN,324,ㅍ,14
584,플라이 투 더 스카이,FLYTOTHESKY,1197,ㅍ,14
585,플로우식,Flowsik,1592,ㅍ,14
586,피에이치원,pH-1,1210,ㅍ,14
587,피오,P.O,749,ㅍ,14
588,피원하모니,P1Harmony,2003,ㅍ,14
589,픽시,PIXY,2119,ㅍ,14
590,핑크판타지,PinkFantasy,2172,ㅍ,14
591,하성운,HASUNGWOON,581,ㅎ,15
592,하이라이트,Highlight,388,ㅎ,15
593,하하,haha,1899,ㅎ,15
594,하현우,HaHyunWoo,1693,ㅎ,15
595,한동근,HanDongGeun,1217,ㅎ,15
596,한승우,HanSeungWoo,1043,ㅎ,15
597,한요한,YoHanHan,1228,ㅎ,15
598,한해,hanhae,485,ㅎ,15
599,핫이슈,HOTISSUE,2126,ㅎ,15
600,핫펠트,HA:TFELT,1497,ㅎ,15
601,해쉬스완,HashSwan,1653,ㅎ,15
602,행주,Hangzoo,1796,ㅎ,15
603,허각,HUHGAK,1145,ㅎ,15
604,허영생,HeoYoungSaeng,2021,ㅎ,15
605,허클베리피,HuckleberryP,104,ㅎ,15
606,헤이즈,Heize,1091,ㅎ,15
607,헨리,HENRY,1501,ㅎ,15
608,혁,HYUK,978,ㅎ,15
609,혁오,HYUKOH,1099,ㅎ,15
610,현아,HyunA,1338,ㅎ,15
611,호란,Horan,149,ㅎ,15
612,호시,Hoshi,631,ㅎ,15
613,홍대광,HongDaeKwang,1442,ㅎ,15
614,홍은기,EUNKI,1845,ㅎ,15
615,홍진영,HONGJINYOUNG,1545,ㅎ,15
616,화나,Fana,72,ㅎ,15
617,화사,HwaSa,824,ㅎ,15
618,황소윤,So!YoON!,1847,ㅎ,15
619,황치열,ChiYeulHwang,1138,ㅎ,15
620,효린,HYOLYN,1390,ㅎ,15
621,효민,HYOMIN,880,ㅎ,15
622,효연,HYOYEON,816,ㅎ,15
623,후디,Hoody,1678,ㅎ,15
624,휘성,Realslow,1194,ㅎ,15
625,휘인,WheeIn,823,ㅎ,15
626,희나피아,HINAPIA,1687,ㅎ,15
627,흰,hynn,642,ㅎ,15
628,A.C.E,A.C.E,384,A,16
629,AB6IX,AB6IX,1269,A,16
630,ADOY,ADOY,68,A,16
631,AKMU,AKMU,1088,A,16
632,AMBER,AMBER,1469,A,16
633,ANDY,ANDY,991,A,16
634,AOA,AOA,313,A,16
635,APOKI,APOKI,2173,A,16
636,APRIL,APRIL,322,A,16
637,ASH ISLAND,ASHISLAND,1700,A,16
638,ASTRO,ASTRO,289,A,16
639,ATEEZ,ATEEZ,393,A,16
640,AWEEK,AWEEK,1933,A,16
641,Agust D,AgustD,1626,A,16
642,Ailee,Ailee,12,A,16
